ticket_id,ticket_type,priority,agent_response,ground_truth
4263,Billing inquiry,Medium,"## ⚠️ Ticket Incompleto — Acción Requerida

He detectado un problema con el **Ticket #4263** antes de proceder con el enrutamiento.

---

### 🔍 Problema Identificado

La descripción del ticket contiene **variables sin reemplazar**:

- `{product_purchased}` aparece **2 veces** en el cuerpo del mensaje y **no fue sustituida** por el valor real del producto.

Aunque el ticket indica que el producto es una **LG Washing Machine**, la descripción parece ser una **plantilla genérica mal procesada**, lo que genera inconsistencias adicionales:

| Campo | Valor |
|---|---|
| **Tipo declarado** | Billing inquiry |
| **Asunto declarado** | Hardware issue |
| **Descripción** | Hace referencia a ""limpiar caché y datos de una app"" — algo inconsistente con una lavadora |

---

### 📋 Acción Necesaria

Para poder asistir correctamente al cliente **Steven Lara**, necesito que se proporcione:

1. ✅ **Descripción real del problema** (sin variables de plantilla sin reemplazar)
2. ✅ **Tipo de problema correcto**: ¿Es un problema de facturación, técnico o relacionado con un pedido?
3. ✅ **Confirmación del producto** afectado

Una vez recibida la información correcta, procederé a enrutar el ticket al agente correspondiente de inmediato. 🙏",
8306,Billing inquiry,High,"---

## ✅ Respuesta al Cliente — Christopher Bailey

---

Estimado **Christopher Bailey**,

Gracias por contactarnos respecto a su **GoPro Hero**. Hemos revisado su caso (Ticket **#8306**) y queremos informarle lo siguiente:

### 🔍 Sobre su problema de acceso

Entendemos que está experimentando un error de **""Credenciales Inválidas""** a pesar de usar la información correcta, y que ya realizó un **restablecimiento de fábrica** sin obtener resultados.

Le recomendamos los siguientes pasos mientras nuestro equipo especializado revisa su caso:

1. ✅ Intente **restablecer su contraseña** desde la opción *""¿Olvidaste tu contraseña?""* en el portal de GoPro
2. ✅ Pruebe acceder desde un **navegador diferente** o en modo incógnito
3. ✅ Verifique que no haya **bloqueos de red o firewall** en su conexión
4. ✅ Intente acceder usando **datos móviles** para descartar problemas de red local

### 📌 Estado de su caso

Su ticket ha sido **escalado con prioridad High** y recibirá una respuesta de nuestro equipo especializado en un plazo máximo de **2 horas**.

Lamentamos los inconvenientes ocasionados y estamos comprometidos a resolver su situación a la brevedad.

Atentamente,
**Centro de Soporte al Cliente**",
708,Cancellation request,Critical,"---

> 📌 **Nota del Supervisor:** Adicionalmente, hemos detectado que la descripción del ticket contiene **texto de plantilla sin completar**. Se recomienda al equipo de soporte revisar el sistema de generación de tickets para corregir este error técnico antes de procesar futuros casos.",Run really series threat daughter.
4389,Cancellation request,Critical,"---

Estimado **Jeremy Brown**, en nombre de nuestro equipo de soporte, lamentamos profundamente la experiencia que ha tenido con su **Sony Xperia**. Entendemos su frustración y queremos asegurarnos de brindarle una solución real. Nuestro equipo está revisando su caso con carácter **urgente** y nos pondremos en contacto con usted a la brevedad para ofrecerle las mejores alternativas. 🙏",Short build pass month fund seat structure concern.
764,Product inquiry,Medium,"## ⚠️ Ticket #764 — Problema Detectado Antes de Enrutar

Antes de proceder, he identificado un **problema en la descripción del ticket**:

El mensaje del cliente contiene **variables sin reemplazar** (placeholders sin resolver):

- `{product_purchased}` aparece **dos veces** en el texto, en lugar del nombre real del producto.

---

### 📋 Resumen del Ticket

| Campo | Detalle |
|---|---|
| **Cliente** | Joshua Schmidt |
| **Producto** | Sony PlayStation |
| **Tipo** | Product Inquiry / Cancellation Request |
| **Prioridad** | Medium |

---

### 🔍 Análisis del Contenido

A pesar del error en las variables, puedo identificar **dos posibles problemas** en la descripción:

1. **Problema de conectividad Wi-Fi** → La consola no detecta redes (problema técnico).
2. **Dificultad para encontrar una opción/función** en el dispositivo → Podría ser técnico o una consulta de producto.
3. **Solicitud de cancelación** mencionada en el asunto → Podría implicar gestión de pedidos.

---

### ❗ Acción Requerida

Para poder **enrutar correctamente este ticket** y brindarle la mejor asistencia a Joshua, necesito que el equipo o el sistema **corrija la descripción** y confirme:

1. ¿El `{product_purchased}` debe reemplazarse por **Sony PlayStation**? ✅ *(parece indicarlo el campo Producto)*
2. ¿La **solicitud de cancelación** se refiere a:
   - ¿Una **suscripción o servicio** (facturación)?
   - ¿Un **pedido de compra** (órdenes)?
3. ¿Cuál es el problema principal a resolver: el **Wi-Fi**, la **navegación del menú**, o la **cancelación**?

Por favor, proporcione la información corregida para proceder con el enrutamiento adecuado. 🙏",System consider now history on impact.
6728,Product inquiry,High,"---

Estimado **Gregory Vargas**, gracias por contactarnos. Hemos recibido su ticket **#6728** y nuestro equipo técnico está revisando su caso.

Para poder ayudarle de manera eficiente con la pérdida de datos en su **Canon DSLR Camera** y el error `download_metadata`, le pedimos amablemente que nos proporcione los detalles mencionados anteriormente. Una vez que los recibamos, procederemos con el diagnóstico y la solución lo antes posible. 🎯",
8083,Refund request,Critical,"---

Estimado **Gregory Jones**, su caso ha sido atendido con **máxima prioridad**. Nuestro equipo técnico especializado está trabajando en una solución para el problema de congelamiento en su **MacBook Pro**. Recibirá una respuesta en un plazo máximo de **2 horas**. Lamentamos los inconvenientes ocasionados. 🙏",On benefit teach simply performance window.
206,Refund request,Medium,"---

Estimada **Mary Williams**,

Hemos recibido su solicitud (Ticket #206) y hemos detectado que la descripción enviada contiene **información incompleta** (variables de plantilla sin completar). Para poder gestionar correctamente su solicitud de reembolso relacionada con su **Sony Xperia**, necesitamos que nos proporcione:

1. 📦 **¿Cuál es el problema específico con la entrega?**
2. 📅 **¿Cuál fue la fecha de compra del producto?**
3. 📝 **¿Qué acción desea realizar exactamente?** (reembolso, cambio, seguimiento de pedido, etc.)

Quedamos a su disposición para resolverlo a la brevedad. 🙏",Employee support economy themselves should remember.
7628,Technical issue,Low,[],Television lead view movie executive up.
3032,Technical issue,Critical,"---

## ✉️ Respuesta al Cliente

---

Estimado **Michael Webb**,

Gracias por contactarnos. Hemos recibido su ticket **#3032** y lo hemos asignado a nuestro equipo técnico con **prioridad crítica**.

Sin embargo, hemos notado que la descripción de su caso contiene información incompleta. Para poder asistirle de manera efectiva, le pedimos amablemente que nos proporcione:

- 📌 **¿Cuál es el comportamiento exacto del dispositivo?** (no enciende, no responde, emite sonidos extraños, etc.)
- 📌 **¿Qué versión de software tenía antes de la actualización?**
- 📌 **¿Cuándo exactamente comenzó el problema?**

Nuestro equipo técnico le contactará en un plazo máximo de **2 horas** para resolver su caso.

Lamentamos los inconvenientes ocasionados.

Atentamente,
**Centro de Soporte al Cliente** 🛠️",Phone answer history good once require mention however.
